{
  "FilterHeaders": [
    {
      "Header": "user-agent",
      "IncludeInScript": false
    },
    {
      "Header": "if-none-match",
      "IncludeInScript": false
    },
    {
      "Header": "if-modified-since",
      "IncludeInScript": false
    },
    {
      "Header": "cache-control",
      "IncludeInScript": false
    },
    {
      "Header": "accept-language",
      "IncludeInScript": false
    },
    {
      "Header": "accept-encoding",
      "IncludeInScript": false
    },
    {
      "Header": "accept",
      "IncludeInScript": false
    }
  ],
  "FilterResources": [
    {
      "IsNonResource": true,
      "type": "text/html"
    },
    {
      "IsNonResource": false,
      "type": "image/png"
    },
    {
      "IsNonResource": false,
      "type": "image/gif"
    }
  ],
  "GeneralInfo": {
    "BrowserVersion": "",
    "IsWinInetMode": false,
    "MaxUsedConnections": 14,
    "RecordedBrowser": "Internet Explorer",
    "RecordingDate": "Р В Р’В Р РЋРІР‚ВР В Р Р‹Р В РІР‚в„–Р В Р’В Р В РІР‚В¦-13-2022",
    "RecordingDuration": 137812,
    "RecordingMode": "N/A",
    "RecordingTimeStamp": 1655111563,
    "RecordingType": "Browser",
    "TotalBytesReceived": 35388,
    "TotalBytesSent": 14499,
    "TotalRequests": 30,
    "UserAgent": "Mozilla/5.0 (Windows NT 10.0; WOW64; Trident/7.0; rv:11.0) like Gecko"
  },
  "HostInfo": [
    {
      "DomainName": "localhost",
      "Domains": [
        {
          "HTTPVersion": "HTTP/1.1",
          "IP": "[::1]",
          "IncludeInScript": true,
          "Name": "localhost",
          "Port": 1080,
          "Requests": [
            {
              "CompressionType": "",
              "DataType": "text/html",
              "DownloadTime": 62,
              "EventId": 10574,
              "HttpStatus": 200,
              "Size": 1480,
              "URL": "http://localhost:1080/cgi-bin/nav.pl?in=home"
            },
            {
              "CompressionType": "",
              "DataType": "",
              "DownloadTime": 0,
              "EventId": 10572,
              "HttpStatus": 304,
              "Size": 0,
              "URL": "http://localhost:1080/WebTours/home.html"
            },
            {
              "CompressionType": "",
              "DataType": "text/html",
              "DownloadTime": 62,
              "EventId": 10569,
              "HttpStatus": 200,
              "Size": 686,
              "URL": "http://localhost:1080/cgi-bin/welcome.pl?signOff=1"
            },
            {
              "CompressionType": "",
              "DataType": "image/gif",
              "DownloadTime": 47,
              "EventId": 10561,
              "HttpStatus": 200,
              "Size": 806,
              "URL": "http://localhost:1080/WebTours/images/bookanother.gif"
            },
            {
              "CompressionType": "",
              "DataType": "text/html",
              "DownloadTime": 47,
              "EventId": 10558,
              "HttpStatus": 200,
              "Size": 2471,
              "URL": "http://localhost:1080/cgi-bin/reservations.pl"
            },
            {
              "CompressionType": "",
              "DataType": "text/html",
              "DownloadTime": 47,
              "EventId": 10549,
              "HttpStatus": 200,
              "Size": 2698,
              "URL": "http://localhost:1080/cgi-bin/reservations.pl"
            },
            {
              "CompressionType": "",
              "DataType": "text/html",
              "DownloadTime": 47,
              "EventId": 10540,
              "HttpStatus": 200,
              "Size": 2436,
              "URL": "http://localhost:1080/cgi-bin/reservations.pl"
            },
            {
              "CompressionType": "",
              "DataType": "text/html",
              "DownloadTime": 16,
              "EventId": 10531,
              "HttpStatus": 403,
              "Size": 219,
              "URL": "http://localhost:1080/WebTours/classes/"
            },
            {
              "CompressionType": "",
              "DataType": "image/gif",
              "DownloadTime": 63,
              "EventId": 10529,
              "HttpStatus": 200,
              "Size": 758,
              "URL": "http://localhost:1080/WebTours/images/button_next.gif"
            },
            {
              "CompressionType": "",
              "DataType": "text/html",
              "DownloadTime": 0,
              "EventId": 10527,
              "HttpStatus": 403,
              "Size": 219,
              "URL": "http://localhost:1080/WebTours/classes/"
            },
            {
              "CompressionType": "",
              "DataType": "text/html",
              "DownloadTime": 62,
              "EventId": 10524,
              "HttpStatus": 200,
              "Size": 4246,
              "URL": "http://localhost:1080/cgi-bin/reservations.pl?page=welcome"
            },
            {
              "CompressionType": "",
              "DataType": "image/gif",
              "DownloadTime": 15,
              "EventId": 10522,
              "HttpStatus": 200,
              "Size": 688,
              "URL": "http://localhost:1080/WebTours/images/home.gif"
            },
            {
              "CompressionType": "",
              "DataType": "image/gif",
              "DownloadTime": 47,
              "EventId": 10520,
              "HttpStatus": 200,
              "Size": 726,
              "URL": "http://localhost:1080/WebTours/images/in_flights.gif"
            },
            {
              "CompressionType": "",
              "DataType": "text/html",
              "DownloadTime": 62,
              "EventId": 10515,
              "HttpStatus": 200,
              "Size": 1482,
              "URL": "http://localhost:1080/cgi-bin/nav.pl?page=menu&in=flights"
            },
            {
              "CompressionType": "",
              "DataType": "text/html",
              "DownloadTime": 46,
              "EventId": 10510,
              "HttpStatus": 200,
              "Size": 616,
              "URL": "http://localhost:1080/cgi-bin/welcome.pl?page=search"
            },
            {
              "CompressionType": "",
              "DataType": "image/gif",
              "DownloadTime": 47,
              "EventId": 10502,
              "HttpStatus": 200,
              "Size": 726,
              "URL": "http://localhost:1080/WebTours/images/flights.gif"
            },
            {
              "CompressionType": "",
              "DataType": "image/gif",
              "DownloadTime": 31,
              "EventId": 10500,
              "HttpStatus": 200,
              "Size": 733,
              "URL": "http://localhost:1080/WebTours/images/itinerary.gif"
            },
            {
              "CompressionType": "",
              "DataType": "image/gif",
              "DownloadTime": 15,
              "EventId": 10498,
              "HttpStatus": 200,
              "Size": 751,
              "URL": "http://localhost:1080/WebTours/images/signoff.gif"
            },
            {
              "CompressionType": "",
              "DataType": "image/gif",
              "DownloadTime": 0,
              "EventId": 10496,
              "HttpStatus": 200,
              "Size": 688,
              "URL": "http://localhost:1080/WebTours/images/in_home.gif"
            },
            {
              "CompressionType": "",
              "DataType": "text/html",
              "DownloadTime": 78,
              "EventId": 10489,
              "HttpStatus": 200,
              "Size": 1482,
              "URL": "http://localhost:1080/cgi-bin/nav.pl?page=menu&in=home"
            },
            {
              "CompressionType": "",
              "DataType": "text/html",
              "DownloadTime": 63,
              "EventId": 10486,
              "HttpStatus": 200,
              "Size": 918,
              "URL": "http://localhost:1080/cgi-bin/login.pl?intro=true"
            },
            {
              "CompressionType": "",
              "DataType": "text/html",
              "DownloadTime": 47,
              "EventId": 10483,
              "HttpStatus": 200,
              "Size": 481,
              "URL": "http://localhost:1080/cgi-bin/login.pl"
            },
            {
              "CompressionType": "",
              "DataType": "image/gif",
              "DownloadTime": 31,
              "EventId": 10475,
              "HttpStatus": 200,
              "Size": 679,
              "URL": "http://localhost:1080/WebTours/images/mer_login.gif"
            },
            {
              "CompressionType": "",
              "DataType": "text/html",
              "DownloadTime": 78,
              "EventId": 10472,
              "HttpStatus": 200,
              "Size": 1488,
              "URL": "http://localhost:1080/cgi-bin/nav.pl?in=home"
            },
            {
              "CompressionType": "",
              "DataType": "text/html",
              "DownloadTime": 16,
              "EventId": 10470,
              "HttpStatus": 200,
              "Size": 1361,
              "URL": "http://localhost:1080/WebTours/home.html"
            },
            {
              "CompressionType": "",
              "DataType": "image/png",
              "DownloadTime": 0,
              "EventId": 10468,
              "HttpStatus": 200,
              "Size": 601,
              "URL": "http://localhost:1080/WebTours/images/hp_logo.png"
            },
            {
              "CompressionType": "",
              "DataType": "image/png",
              "DownloadTime": 0,
              "EventId": 10466,
              "HttpStatus": 200,
              "Size": 4187,
              "URL": "http://localhost:1080/WebTours/images/webtours.png"
            },
            {
              "CompressionType": "",
              "DataType": "text/html",
              "DownloadTime": 79,
              "EventId": 10463,
              "HttpStatus": 200,
              "Size": 686,
              "URL": "http://localhost:1080/cgi-bin/welcome.pl?signOff=true"
            },
            {
              "CompressionType": "",
              "DataType": "text/html",
              "DownloadTime": 0,
              "EventId": 10459,
              "HttpStatus": 200,
              "Size": 710,
              "URL": "http://localhost:1080/WebTours/header.html"
            },
            {
              "CompressionType": "",
              "DataType": "text/html",
              "DownloadTime": 0,
              "EventId": 10457,
              "HttpStatus": 200,
              "Size": 366,
              "URL": "http://localhost:1080/WebTours/"
            }
          ],
          "SSLCipher": "None",
          "SSLVersion": "None"
        }
      ],
      "IncludeInScript": true
    }
  ],
  "WebSocket": {
    "IncludeInScript": false,
    "IsScriptIncludeWebSocket": false
  },
  "NumberOfCorrelations": 7
}