<?xml version="1.0" encoding="UTF-8"?><SLA Version="1.0"><TxList><Tx>vuser_end_Transaction</Tx><Tx>UC02_DeleteTicket</Tx><Tx>UC03_SignUp</Tx><Tx>payment_details</Tx><Tx>UC06_SearchFlights</Tx><Tx>delete_ticket</Tx><Tx>continue</Tx><Tx>goto_itinerary</Tx><Tx>vuser_init_Transaction</Tx><Tx>UC01_BuyTicket</Tx><Tx>customerProfile</Tx><Tx>click_signUp</Tx><Tx>UC05_Itinerary</Tx><Tx>Action_Transaction</Tx></TxList><SLARules><TrackingPeriodType>Default</TrackingPeriodType><TrackingPeriodValue></TrackingPeriodValue><TrackingPeriodTimeScale></TrackingPeriodTimeScale></SLARules></SLA>